{
  "automation_enabled": true,
  "daily_video_count": 1,
  "upload_schedule": "09:00",
  "analytics_update_schedule": "18:00",
  "niche_keywords": [
    "AI",
    "artificial intelligence",
    "technology",
    "automation",
    "machine learning",
    "robots",
    "future",
    "innovation"
  ],
  "video_api": {
    "provider": "mock_api"
  },
  "youtube_credentials_path": "youtube_credentials.json",
  "youtube_token_path": "youtube_token.pickle",
  "analytics": {
    "analytics_db_path": "youtube_analytics.db",
    "mock_mode": true,
    "google_sheets_enabled": false
  },
  "content_types": [
    "technology",
    "educational"
  ],
  "video_duration": "medium",
  "output_dir": "/tmp/youtube_automation"
}